1,1,big,vascular,1
2,2,medium,vascular,2
3,3,medium,vascular,1
4,1,small,vascular,1
5,3,small,vascular,1
6,2,small,vascular,1
7,1,medium,traumatology,1
8,1,small,vascular,1
9,1,small,vascular,1
10,2,small,vascular,1
11,3,medium,vascular,1
12,2,medium,vascular,1
13,2,medium,traumatology,1
14,3,small,vascular,1
15,1,small,vascular,1
16,2,small,vascular,1
17,2,medium,vascular,1
18,3,small,traumatology,2
19,1,small,traumatology,1
20,1,big,traumatology,1
21,2,big,vascular,1
22,2,medium,traumatology,1
23,3,big,traumatology,1
24,1,small,traumatology,1
25,3,small,traumatology,1
26,2,medium,traumatology,2
27,3,big,vascular,1
28,1,small,traumatology,1
29,1,small,traumatology,2
30,2,medium,traumatology,2
31,3,small,vascular,2
32,1,big,traumatology,1
33,1,small,traumatology,1
34,1,small,traumatology,1
35,3,medium,vascular,1
36,1,big,traumatology,1
37,1,small,traumatology,2
38,3,small,traumatology,1
39,2,big,traumatology,1
40,2,medium,traumatology,1
41,2,small,traumatology,1
42,2,small,traumatology,1
43,1,medium,traumatology,2
44,1,medium,traumatology,1
45,3,small,vascular,1
46,1,small,traumatology,1
47,3,big,vascular,1
48,1,big,traumatology,2
49,2,big,traumatology,1
50,2,medium,traumatology,1
51,1,big,vascular,2
52,2,medium,vascular,2
53,3,medium,vascular,2
54,1,small,vascular,2
55,3,small,vascular,2
56,2,small,vascular,2
57,1,medium,traumatology,2
58,1,small,vascular,1
59,1,small,vascular,1
60,2,small,vascular,2
61,3,medium,vascular,1
62,2,medium,vascular,1
63,2,medium,traumatology,2
64,3,small,vascular,1
65,1,small,vascular,2
66,2,small,vascular,1
67,2,medium,vascular,1
68,3,small,traumatology,1
69,1,small,traumatology,1
70,1,big,traumatology,1
